[{"id":"user-image-mbr-815x543.jpg","publicUrl":"np://user.desktop.nicepage.com/Site_150966174/images/mbr-815x543.jpg","size":36625,"hash":"wJDt8xKO964nlHxHwrhJm6jpZiY=","fileName":"mbr-815x543.jpg","name":"mbr-815x543","width":815,"height":543,"thumbnail":{"url":"np://user.desktop.nicepage.com/Site_150966174/images/thumbnails/mbr-815x543.jpg","width":250,"height":167},"usages":["17901750","2180430271"]},{"id":"user-image-270207954-436153174881022-2990054018616027358-n-100x100.jpg","publicUrl":"np://user.desktop.nicepage.com/Site_150966174/images/270207954-436153174881022-2990054018616027358-n-100x100.jpg","size":4825,"hash":"hHmXErzh0ezrpaZ+gy/t6y3TbaI=","fileName":"270207954-436153174881022-2990054018616027358-n-100x100.jpg","name":"270207954-436153174881022-2990054018616027358-n-100x100","width":100,"height":100,"thumbnail":{"url":"np://user.desktop.nicepage.com/Site_150966174/images/thumbnails/270207954-436153174881022-2990054018616027358-n-100x100.jpg","height":100,"width":100,"length":4825,"type":"jpg"},"usages":[]},{"id":"user-image-pexels-photo-3984959.jpeg","publicUrl":"np://user.desktop.nicepage.com/Site_150966174/images/pexels-photo-3984959.jpeg","size":87598,"hash":"yfYHbXKVbJEnwduI+FauZfk+Sno=","fileName":"pexels-photo-3984959.jpeg","name":"pexels-photo-3984959","width":1000,"height":1500,"thumbnail":{"url":"np://user.desktop.nicepage.com/Site_150966174/images/thumbnails/pexels-photo-3984959.jpeg","width":167,"height":250},"originalUrl":"//images02.nicepage.com/a1389d7bc73adea1e1c1fb7e/1521bab7a53e5f95adbe39db/pexels-photo-3984959.jpeg?version=","usages":["17901750"]},{"id":"user-image-334197363-1231161117803637-7415144309528832364-n-720x960.jpg","publicUrl":"np://user.desktop.nicepage.com/Site_150966174/images/334197363-1231161117803637-7415144309528832364-n-720x960.jpg","size":119124,"hash":"qIHjCTTs4erzZ4sbAXhhz8HD0r4=","fileName":"334197363-1231161117803637-7415144309528832364-n-720x960.jpg","name":"334197363-1231161117803637-7415144309528832364-n-720x960","width":720,"height":960,"thumbnail":{"url":"np://user.desktop.nicepage.com/Site_150966174/images/thumbnails/334197363-1231161117803637-7415144309528832364-n-720x960.jpg","width":188,"height":250},"usages":["232883712"]},{"id":"user-image-335433983-530466089199145-4831569120982023621-n-720x1280.jpg","publicUrl":"np://user.desktop.nicepage.com/Site_150966174/images/335433983-530466089199145-4831569120982023621-n-720x1280.jpg","size":79559,"hash":"uYnSxB0IE0mPknbD5oqS7YU0hlc=","fileName":"335433983-530466089199145-4831569120982023621-n-720x1280.jpg","name":"335433983-530466089199145-4831569120982023621-n-720x1280","width":720,"height":1280,"thumbnail":{"url":"np://user.desktop.nicepage.com/Site_150966174/images/thumbnails/335433983-530466089199145-4831569120982023621-n-720x1280.jpg","width":141,"height":250},"usages":["232883712"]},{"id":"user-image-336175772-758801375811592-303881212055424642-n-800x600.jpg","publicUrl":"np://user.desktop.nicepage.com/Site_150966174/images/336175772-758801375811592-303881212055424642-n-800x600.jpg","size":78526,"hash":"EQgX3zsyXTGRhdlO2RdUUHF8914=","fileName":"336175772-758801375811592-303881212055424642-n-800x600.jpg","name":"336175772-758801375811592-303881212055424642-n-800x600","width":800,"height":600,"thumbnail":{"url":"np://user.desktop.nicepage.com/Site_150966174/images/thumbnails/336175772-758801375811592-303881212055424642-n-800x600.jpg","width":250,"height":188},"usages":["232883712"]},{"id":"user-image-ec6da3db-d4a7-cbc8-c959-57cb2f78738d.jpg","publicUrl":"np://user.desktop.nicepage.com/Site_150966174/images/ec6da3db-d4a7-cbc8-c959-57cb2f78738d.jpg","size":22661,"hash":"eC6yS1tn7YvwIG4BkGpDvDLLF4M=","fileName":"ec6da3db-d4a7-cbc8-c959-57cb2f78738d.jpg","name":"ec6da3db-d4a7-cbc8-c959-57cb2f78738d","width":309,"height":309,"thumbnail":{"url":"np://user.desktop.nicepage.com/Site_150966174/images/thumbnails/ec6da3db-d4a7-cbc8-c959-57cb2f78738d.jpg","width":250,"height":250},"originalUrl":"//images01.nicepagecdn.com/c461c07a441a5d220e8feb1a/689ce6d1eab65cd2bce35637/ec6da3db-d4a7-cbc8-c959-57cb2f78738d.jpg","usages":["2180430271"]},{"id":"user-image-gggg.jpg","publicUrl":"np://user.desktop.nicepage.com/Site_150966174/images/gggg.jpg","size":41136,"hash":"r7M4vOS4HkHBhWEIxIcECDOHT1w=","fileName":"gggg.jpg","name":"gggg","width":626,"height":417,"thumbnail":{"url":"np://user.desktop.nicepage.com/Site_150966174/images/thumbnails/gggg.jpg","width":250,"height":167},"originalUrl":"//images01.nicepagecdn.com/c461c07a441a5d220e8feb1a/fdeea1f156df50479da23133/gggg.jpg?version=","usages":["2180430271"]},{"id":"user-image-tyty.jpg","publicUrl":"np://user.desktop.nicepage.com/Site_150966174/images/tyty.jpg","size":24180,"hash":"2LMdnNfEZutUck2UUuLxIfew1zk=","fileName":"tyty.jpg","name":"tyty","width":309,"height":309,"thumbnail":{"url":"np://user.desktop.nicepage.com/Site_150966174/images/thumbnails/tyty.jpg","width":250,"height":250},"originalUrl":"//images01.nicepagecdn.com/c461c07a441a5d220e8feb1a/6502d958546d55698e946648/tyty.jpg","usages":["2180430271"]},{"id":"user-image-ds.jpg","publicUrl":"np://user.desktop.nicepage.com/Site_150966174/images/ds.jpg","size":13507,"hash":"AV+5JsaoGYSy2MUgijWIkgt+0/g=","fileName":"ds.jpg","name":"ds","width":206,"height":206,"thumbnail":{"url":"np://user.desktop.nicepage.com/Site_150966174/images/thumbnails/ds.jpg","height":206,"width":206,"length":13507,"type":"jpg"},"originalUrl":"//images01.nicepagecdn.com/c461c07a441a5d220e8feb1a/c09014f9e7715438bb869fbb/ds.jpg","usages":["2180430271"]},{"id":"user-image-hgghgh.jpg","publicUrl":"np://user.desktop.nicepage.com/Site_150966174/images/hgghgh.jpg","size":13439,"hash":"PPK/lKxaF/8m4Toi81kgpvrKsBY=","fileName":"hgghgh.jpg","name":"hgghgh","width":206,"height":206,"thumbnail":{"url":"np://user.desktop.nicepage.com/Site_150966174/images/thumbnails/hgghgh.jpg","height":206,"width":206,"length":13439,"type":"jpg"},"originalUrl":"//images01.nicepagecdn.com/c461c07a441a5d220e8feb1a/980d881d762859b98207594a/hgghgh.jpg","usages":["2180430271"]},{"id":"user-image-bfc62dcf-11dc-f72c-9f80-d5d6784457fc.jpg","publicUrl":"np://user.desktop.nicepage.com/Site_150966174/images/bfc62dcf-11dc-f72c-9f80-d5d6784457fc.jpg","size":22853,"hash":"G1kAUy6DJp72lGuT3DQEcfcQuAE=","fileName":"bfc62dcf-11dc-f72c-9f80-d5d6784457fc.jpg","name":"bfc62dcf-11dc-f72c-9f80-d5d6784457fc","width":309,"height":309,"thumbnail":{"url":"np://user.desktop.nicepage.com/Site_150966174/images/thumbnails/bfc62dcf-11dc-f72c-9f80-d5d6784457fc.jpg","width":250,"height":250},"originalUrl":"//images01.nicepagecdn.com/c461c07a441a5d220e8feb1a/2842f4a1f0a85a0f9b26dca7/bfc62dcf-11dc-f72c-9f80-d5d6784457fc.jpg","usages":["2180430271"]},{"id":"user-image-trtrrt.jpg","publicUrl":"np://user.desktop.nicepage.com/Site_150966174/images/trtrrt.jpg","size":30007,"hash":"6JA1YszlS9UuRUVFZc0T+smZtks=","fileName":"trtrrt.jpg","name":"trtrrt","width":309,"height":309,"thumbnail":{"url":"np://user.desktop.nicepage.com/Site_150966174/images/thumbnails/trtrrt.jpg","width":250,"height":250},"originalUrl":"//images01.nicepagecdn.com/c461c07a441a5d220e8feb1a/8f50f8f477045e67912b69a9/trtrrt.jpg","usages":["2180430271"]},{"id":"user-image-tytyt54.jpg","publicUrl":"np://user.desktop.nicepage.com/Site_150966174/images/tytyt54.jpg","size":27172,"hash":"WOxyLkX6cdJlAHZGTyHaYQKx0m8=","fileName":"tytyt54.jpg","name":"tytyt54","width":309,"height":309,"thumbnail":{"url":"np://user.desktop.nicepage.com/Site_150966174/images/thumbnails/tytyt54.jpg","width":250,"height":250},"originalUrl":"//images01.nicepagecdn.com/c461c07a441a5d220e8feb1a/088290d888cd5735bc11af87/tytyt54.jpg","usages":["2180430271"]},{"id":"user-image-photo_2022-11-29_21-58-05.jpg","publicUrl":"np://user.desktop.nicepage.com/Site_150966174/images/photo_2022-11-29_21-58-05.jpg","size":144333,"hash":"oR2D36U9jc3R3fwnemnnc25anb8=","fileName":"photo_2022-11-29_21-58-05.jpg","name":"photo_2022-11-29_21-58-05","width":640,"height":640,"thumbnail":{"url":"np://user.desktop.nicepage.com/Site_150966174/images/thumbnails/photo_2022-11-29_21-58-05.jpg","width":250,"height":250},"usages":["2180430271"]},{"id":"user-image-1679647307160.jpg","publicUrl":"np://user.desktop.nicepage.com/Site_150966174/images/1679647307160.jpg","size":49081,"hash":"MIGTNIK7kSAgbR8pqMJDo8iAbKE=","fileName":"1679647307160.jpg","name":"1679647307160","width":556,"height":784,"thumbnail":{"url":"np://user.desktop.nicepage.com/Site_150966174/images/thumbnails/1679647307160.jpg","width":177,"height":250},"usages":["2180430271"]},{"id":"user-image-photo_2023-03-30_01-02-54.jpg","publicUrl":"np://user.desktop.nicepage.com/Site_150966174/images/photo_2023-03-30_01-02-54.jpg","size":84459,"hash":"b6dDA+FLYI8CVwA+l37nBxK9UQw=","fileName":"photo_2023-03-30_01-02-54.jpg","name":"photo_2023-03-30_01-02-54","width":640,"height":640,"thumbnail":{"url":"np://user.desktop.nicepage.com/Site_150966174/images/thumbnails/photo_2023-03-30_01-02-54.jpg","width":250,"height":250},"usages":["545901476"]}]